id,name,email
1,Sarette Boydle,sboydle0@craigslist.org
2,Celestine Gioan,cgioan1@ask.com
3,Hamil Kirtlan,hkirtlan2@census.gov
4,Maryanna McVeighty,mmcveighty3@domainmarket.com
5,Siffre Drane,sdrane4@booking.com
6,Dita Skoggings,dskoggings5@noaa.gov
7,Connie Bohlmann,cbohlmann6@facebook.com
8,Regen Hodgin,rhodgin7@state.tx.us
9,Maddie Tulk,mtulk8@ca.gov
10,Laurence Weyman,lweyman9@forbes.com
11,Gus Foad,gfoada@sbwire.com
12,Ivy Pays,ipaysb@ameblo.jp
13,Maiga Schuricht,mschurichtc@newsvine.com
14,Bary Jeffryes,bjeffryesd@bbc.co.uk
15,Josey Quadri,jquadrie@squidoo.com
16,Reta Mattaser,rmattaserf@ovh.net
17,Nisse Povah,npovahg@google.co.uk
18,Cindelyn M'Chirrie,cmchirrieh@123-reg.co.uk
19,Bondie Bowen,bboweni@phpbb.com
20,Jareb Santori,jsantorij@timesonline.co.uk
21,Hank Pinson,hpinsonk@irs.gov
22,Heywood Seacombe,hseacombel@de.vu
23,Aida Looby,aloobym@sohu.com
24,Angelina Carlson,acarlsonn@sourceforge.net
25,Arnie Attoe,aattoeo@nih.gov
26,Edythe Dimberline,edimberlinep@arstechnica.com
27,Glynis Islep,gislepq@nsw.gov.au
28,Lavinia Harral,lharralr@sfgate.com
29,Daven Dawkins,ddawkinss@abc.net.au
30,Rahal Melding,rmeldingt@reddit.com
31,Jemima Szwarc,jszwarcu@irs.gov
32,Rodrique Fardon,rfardonv@mysql.com
33,Griffy Malim,gmalimw@nbcnews.com
34,Latrina Haquard,lhaquardx@51.la
35,Arel Symon,asymony@google.com.au
36,Gris England,genglandz@huffingtonpost.com
37,Job Barrott,jbarrott10@abc.net.au
38,Mandel Shyram,mshyram11@aol.com
39,Fred Wabersinke,fwabersinke12@guardian.co.uk
40,Nell Tutt,ntutt13@who.int
41,Wallis Bewfield,wbewfield14@blinklist.com
42,Pearce Byrde,pbyrde15@slate.com
43,Jemmie Kennion,jkennion16@deliciousdays.com
44,Rhea Yonge,ryonge17@reference.com
45,Lucilia Snowling,lsnowling18@ox.ac.uk
46,Greta Rothschild,grothschild19@flickr.com
47,Ardelle Neale,aneale1a@ftc.gov
48,Marchall Boyson,mboyson1b@ted.com
49,Banky Cubuzzi,bcubuzzi1c@biblegateway.com
50,Demetre Ricards,dricards1d@uiuc.edu
51,Meggy Stallybrass,mstallybrass1e@qq.com
52,Enriqueta Feare,efeare1f@phpbb.com
53,Zuzana Tattersdill,ztattersdill1g@dropbox.com
54,Cherin Ilewicz,cilewicz1h@dropbox.com
55,Pooh Sheed,psheed1i@nhs.uk
56,Carlie Offill,coffill1j@booking.com
57,Douglas Reynoldson,dreynoldson1k@narod.ru
58,Turner Cleft,tcleft1l@furl.net
59,Tessa Flexman,tflexman1m@nifty.com
60,Melisa Loade,mloade1n@cbc.ca
61,Eugine de Merida,ede1o@adobe.com
62,Adolphus Dach,adach1p@go.com
63,Nicole Gosney,ngosney1q@columbia.edu
64,Ralina Dennis,rdennis1r@nih.gov
65,Hewitt Wrefford,hwrefford1s@buzzfeed.com
66,Dyanne Livezey,dlivezey1t@pbs.org
67,Erin Kelsey,ekelsey1u@weebly.com
68,Alfie Doogue,adoogue1v@deliciousdays.com
69,Hervey Tison,htison1w@devhub.com
70,Alyda Pieche,apieche1x@purevolume.com
71,Clarita Dinsmore,cdinsmore1y@weather.com
72,Myrwyn Allans,mallans1z@mac.com
73,Alasteir Nice,anice20@ibm.com
74,Pamelina Robelet,probelet21@bloglovin.com
75,Drud Brookshaw,dbrookshaw22@deviantart.com
76,Kayla Willard,kwillard23@cisco.com
77,Honoria Dradey,hdradey24@ftc.gov
78,Giorgia Doody,gdoody25@imgur.com
79,Goldia Charrington,gcharrington26@irs.gov
80,Odilia Tart,otart27@va.gov
81,Arnold Quittonden,aquittonden28@forbes.com
82,Yale Blanchflower,yblanchflower29@skyrock.com
83,Shalom Fearnley,sfearnley2a@odnoklassniki.ru
84,Cthrine Joannidi,cjoannidi2b@netlog.com
85,Morgun Dubarry,mdubarry2c@jugem.jp
86,Jenifer Caines,jcaines2d@freewebs.com
87,Reine Briand,rbriand2e@msn.com
88,Ginnifer Goutcher,ggoutcher2f@behance.net
89,Lewes Le Ball,lle2g@miibeian.gov.cn
90,Ailee Orrill,aorrill2h@t-online.de
91,Dante Gillebert,dgillebert2i@reddit.com
92,Gerri Tappor,gtappor2j@usa.gov
93,Barbi Stobbart,bstobbart2k@google.com
94,Bret Creber,bcreber2l@google.com.au
95,Caryl Pledge,cpledge2m@ihg.com
96,Nerty Rookwell,nrookwell2n@ucoz.com
97,Jone Verty,jverty2o@ovh.net
98,Cornell Patrone,cpatrone2p@ucla.edu
99,Nigel Shears,nshears2q@seesaa.net
100,Rob Diglin,rdiglin2r@liveinternet.ru
